<?xml version="1.0" encoding="UTF-8"?>
<configuration>
	<include
		resource="org/springframework/boot/logging/logback/defaults.xml" />
	<property name="LOG_FILE" value="C:\\Pre-Claim Investigation\\uploads\\app.log" />

	<appender name="FILE-ROLLING"
		class="ch.qos.logback.core.rolling.RollingFileAppender">
		<file>${LOG_FILE}</file>

		<rollingPolicy  
			class="ch.qos.logback.core.rolling.SizeAndTimeBasedRollingPolicy">
<!-- 			<fileNamePattern>C:\\Pre-Claim Investigation\\uploads\\app_%d{YYYY-MM-DD}_%i.log</fileNamePattern> -->
				<fileNamePattern>app-%d{YYYY-MM-DD}.%i.log</fileNamePattern>
			<!-- each archived file, size max 5KB -->
			<maxFileSize>5KB</maxFileSize>
			<!-- total size of all archive files, if total size > 20KB, it will delete 
				old archived file -->
			<totalSizeCap>20KB</totalSizeCap>
			<!-- 60 days to keep -->
			<maxHistory>60</maxHistory>
		</rollingPolicy>

		<encoder>
			<pattern>%d %p %c{1.} [%t] %m%n</pattern>
		</encoder>
	</appender>

	<appender name="CONSOLE"
		class="ch.qos.logback.core.ConsoleAppender">
		<layout class="ch.qos.logback.classic.PatternLayout">
			<Pattern>
				%d{HH:mm:ss.SSS} [%t] %-5level %logger{36} - %msg%n
			</Pattern>
		</layout>
	</appender>


	<appender name="EMAIL"
		class="ch.qos.logback.classic.net.SMTPAppender">
		<smtpHost>mail.xangarsinfra.com</smtpHost>
		<smtpPort>587</smtpPort>
		<STARTTLS>true</STARTTLS>
		<username>claims@xangarsinfra.com</username>
		<password>Claims@123#</password>
		<to>xangars.aniketr@xangarsinfra.com</to>
		<from>claims@xangarsinfra.com</from>
		<subject>Exception Notification</subject>
		<layout class="ch.qos.logback.classic.PatternLayout">
			<Pattern>
				%d{HH:mm:ss.SSS} [%t] %-5level %logger{36} - %msg%n
			</Pattern>

		</layout>
	</appender>

	<logger name="com.dailycodebuffer" level="error"
		additivity="false">
		<appender-ref ref="EMAIL" />
	</logger>

	<logger name="com.dailycodebuffer" level="trace"
		additivity="false">
		<appender-ref ref="FILE-ROLLING" />
	</logger>
	<logger name="com.dailycodebuffer" level="trace" additivity="false">
        <appender-ref ref="CONSOLE"/>
    </logger>

	<root level="trace">
		<appender-ref ref="FILE-ROLLING" />
	</root>
	<root level="error">
		<appender-ref ref="FILE-ROLLING" />
	</root>

	<logger name="com.dailycodebuffer" level="debug"
		additivity="false">
		<appender-ref ref="CONSOLE" />
	</logger>
	<root level="error">
		<appender-ref ref="CONSOLE" />
	</root>
	<root level="trace">
		<appender-ref ref="CONSOLE" />
	</root>
	<root level="error">
		<appender-ref ref="EMAIL" />
	</root>

</configuration>